INSERT INTO `almacenes`(`id_almacen`, `nombre`, `ubicacion`) VALUES (17, 'almacen 1', 'ubicacion 1');
INSERT INTO `almacenes`(`id_almacen`, `nombre`, `ubicacion`) VALUES (18, 'almacen 2', 'ubicacion 2');
INSERT INTO `clientes`(`id_cliente`, `tipo`, `alias`, `nombre`, `rif`, `direccion`, `telefono`, `email`, `website`, `contacto`, `telefono_contacto`, `email_contacto`, `fecha_registro`, `estatus`) VALUES (1, 0, 'prueba', 'cliente 1', '34dfd', 'nnbnb', 'bnbn', 'bnvnbv@ddd.com', 'nbvnbv', 'nbvnbv', 'bnvnbv', '', '2020-11-14 20:16:38', 1);
INSERT INTO `clientes`(`id_cliente`, `tipo`, `alias`, `nombre`, `rif`, `direccion`, `telefono`, `email`, `website`, `contacto`, `telefono_contacto`, `email_contacto`, `fecha_registro`, `estatus`) VALUES (2, 0, 'cliente de prueba 2', 'cliente 2', 'dsdfdfsdfdf', 'dfsdfsdf', 'dsjjsjsjs', 'email prueba', 'website de prueba', 'contacto de prueba', 'telefono de prueba ', 'email de contacto prueba', '2020-11-14 20:16:38', 1);
INSERT INTO `clientes`(`id_cliente`, `tipo`, `alias`, `nombre`, `rif`, `direccion`, `telefono`, `email`, `website`, `contacto`, `telefono_contacto`, `email_contacto`, `fecha_registro`, `estatus`) VALUES (3, 0, 'prueba', 'producto 12', 'J-dfsdfdfd', 'sdsdfsdfsdf', 'sdfsfdf', 'christianpaez1029@gmail.com', 'sdfsdf', '', '', '', '0000-00-00 00:00:00', 1);
INSERT INTO `clientes`(`id_cliente`, `tipo`, `alias`, `nombre`, `rif`, `direccion`, `telefono`, `email`, `website`, `contacto`, `telefono_contacto`, `email_contacto`, `fecha_registro`, `estatus`) VALUES (13, 1, 'prueba de nuevo', 'otra vezzz', 'J-34234234', '', 'dfsdfsdf', 'impormotor.desarrollo@gmail.com', '', '', '', '', '0000-00-00 00:00:00', 1);
INSERT INTO `clientes`(`id_cliente`, `tipo`, `alias`, `nombre`, `rif`, `direccion`, `telefono`, `email`, `website`, `contacto`, `telefono_contacto`, `email_contacto`, `fecha_registro`, `estatus`) VALUES (14, 0, 'cliente 3 edicion', 'cliente 3', 'J-34324', '', 'dfsdfsdf', 'prueba@prueba.com', '', '', '', '', '0000-00-00 00:00:00', 1);
INSERT INTO `clientes`(`id_cliente`, `tipo`, `alias`, `nombre`, `rif`, `direccion`, `telefono`, `email`, `website`, `contacto`, `telefono_contacto`, `email_contacto`, `fecha_registro`, `estatus`) VALUES (24, 1, 'prueba de cliente', 'prueba', 'J-34324', 'prueba ', '222222222', 'impormotor.desarrollo@gmail.com', 'sdfsdf', '', '', '', '0000-00-00 00:00:00', 1);
INSERT INTO `inventario`(`id_inventario`, `id_almacen`, `tipo`, `id_producto`, `id_materia_prima`, `cantidad`, `fecha_registro`, `fecha_carga`, `estatus`) VALUES (1, 17, 1, 16, NULL, 14, '2020-11-15 11:50:13', NULL, 1);
INSERT INTO `inventario`(`id_inventario`, `id_almacen`, `tipo`, `id_producto`, `id_materia_prima`, `cantidad`, `fecha_registro`, `fecha_carga`, `estatus`) VALUES (6, 17, 0, NULL, 1, 4534, '2020-11-15 11:50:08', NULL, 0);
INSERT INTO `inventario`(`id_inventario`, `id_almacen`, `tipo`, `id_producto`, `id_materia_prima`, `cantidad`, `fecha_registro`, `fecha_carga`, `estatus`) VALUES (13, 17, 0, NULL, 1, 222222, '2020-11-16 03:49:49', NULL, 1);
INSERT INTO `inventario`(`id_inventario`, `id_almacen`, `tipo`, `id_producto`, `id_materia_prima`, `cantidad`, `fecha_registro`, `fecha_carga`, `estatus`) VALUES (15, 17, 0, NULL, 3, 99, '2020-11-19 08:31:19', NULL, 1);
INSERT INTO `materias_primas`(`id_materia_prima`, `fecha_registro`, `estatus`, `nombre`, `unidad`) VALUES (1, '2020-11-15 17:55:59', 1, 'materia 1', 'kg');
INSERT INTO `materias_primas`(`id_materia_prima`, `fecha_registro`, `estatus`, `nombre`, `unidad`) VALUES (2, '0000-00-00 00:00:00', 1, 'materia prima 2', 'kg');
INSERT INTO `materias_primas`(`id_materia_prima`, `fecha_registro`, `estatus`, `nombre`, `unidad`) VALUES (3, '0000-00-00 00:00:00', 1, 'maiz   ', 'kg');
INSERT INTO `productos`(`id_producto`, `nombre`, `fecha_registro`, `estatus`) VALUES (16, 'producto dinamico', '0000-00-00 00:00:00', 0);
INSERT INTO `productos`(`id_producto`, `nombre`, `fecha_registro`, `estatus`) VALUES (17, 'ultimo producto', '0000-00-00 00:00:00', 0);
INSERT INTO `productos`(`id_producto`, `nombre`, `fecha_registro`, `estatus`) VALUES (18, 'ultimo producto 2', '0000-00-00 00:00:00', 1);
INSERT INTO `productos`(`id_producto`, `nombre`, `fecha_registro`, `estatus`) VALUES (19, 'producto dinamico 3', '0000-00-00 00:00:00', 1);
INSERT INTO `productos`(`id_producto`, `nombre`, `fecha_registro`, `estatus`) VALUES (20, 'nuevo producto', '0000-00-00 00:00:00', 1);
INSERT INTO `productos_componentes`(`id_producto_componente`, `id_producto`, `id_materia_prima`, `cantidad`) VALUES (43, 16, 2, 1);
INSERT INTO `productos_componentes`(`id_producto_componente`, `id_producto`, `id_materia_prima`, `cantidad`) VALUES (44, 16, 2, 2);
INSERT INTO `productos_componentes`(`id_producto_componente`, `id_producto`, `id_materia_prima`, `cantidad`) VALUES (49, 17, 2, 3);
INSERT INTO `productos_componentes`(`id_producto_componente`, `id_producto`, `id_materia_prima`, `cantidad`) VALUES (50, 17, 1, 1);
INSERT INTO `productos_componentes`(`id_producto_componente`, `id_producto`, `id_materia_prima`, `cantidad`) VALUES (55, 18, 2, 12);
INSERT INTO `productos_componentes`(`id_producto_componente`, `id_producto`, `id_materia_prima`, `cantidad`) VALUES (56, 18, 1, 33);
INSERT INTO `productos_componentes`(`id_producto_componente`, `id_producto`, `id_materia_prima`, `cantidad`) VALUES (65, 19, 3, 12);
INSERT INTO `productos_componentes`(`id_producto_componente`, `id_producto`, `id_materia_prima`, `cantidad`) VALUES (66, 19, 2, 13);
INSERT INTO `productos_componentes`(`id_producto_componente`, `id_producto`, `id_materia_prima`, `cantidad`) VALUES (68, 20, 2, 99);
INSERT INTO `productos_componentes`(`id_producto_componente`, `id_producto`, `id_materia_prima`, `cantidad`) VALUES (69, 20, 1, 1);
INSERT INTO `solicitud_almacen_materia_prima`(`id_solicitud_almacen_materia_prima`, `id_solicitud_produccion`, `id_materia_prima`, `fecha_registro`, `estatus`, `solicitado_por`, `entregado_por`) VALUES (12, 18, 3, '2021-01-29 06:53:03', 1, 1, 1);
INSERT INTO `solicitud_almacen_materia_prima`(`id_solicitud_almacen_materia_prima`, `id_solicitud_produccion`, `id_materia_prima`, `fecha_registro`, `estatus`, `solicitado_por`, `entregado_por`) VALUES (13, 18, 2, '2021-01-29 06:53:35', 1, 1, 1);
INSERT INTO `solicitud_almacen_materia_prima`(`id_solicitud_almacen_materia_prima`, `id_solicitud_produccion`, `id_materia_prima`, `fecha_registro`, `estatus`, `solicitado_por`, `entregado_por`) VALUES (14, 20, 3, '2021-01-30 11:47:53', 1, 1, 1);
INSERT INTO `solicitud_almacen_materia_prima`(`id_solicitud_almacen_materia_prima`, `id_solicitud_produccion`, `id_materia_prima`, `fecha_registro`, `estatus`, `solicitado_por`, `entregado_por`) VALUES (15, 20, 2, '2021-01-30 11:48:03', 1, 1, 1);
INSERT INTO `solicitud_almacen_materia_prima`(`id_solicitud_almacen_materia_prima`, `id_solicitud_produccion`, `id_materia_prima`, `fecha_registro`, `estatus`, `solicitado_por`, `entregado_por`) VALUES (16, 21, 2, '2021-01-30 11:51:43', 1, 1, 1);
INSERT INTO `solicitud_almacen_producto`(`id_solicitud_almacen_producto`, `id_solicitud_cliente`, `fecha_registro`, `fecha_recepcion`, `estatus`, `observacion`, `solicitado_por`, `entregado_por`) VALUES (18, 20, '2021-01-29 06:48:35', '2021-01-30 11:32:44', 1, 'paso 2', 1, NULL);
INSERT INTO `solicitud_almacen_producto`(`id_solicitud_almacen_producto`, `id_solicitud_cliente`, `fecha_registro`, `fecha_recepcion`, `estatus`, `observacion`, `solicitado_por`, `entregado_por`) VALUES (19, 21, '2021-01-30 11:44:51', '2021-01-30 11:54:24', 1, 'prueba 2 paso 2', 1, NULL);
INSERT INTO `solicitud_clientes`(`id_solicitud_cliente`, `id_cliente`, `fecha_registro`, `estatus`, `id_usuario`, `observacion`) VALUES (20, 14, '2021-01-29 06:46:20', 3, 1, 'paso 1');
INSERT INTO `solicitud_clientes`(`id_solicitud_cliente`, `id_cliente`, `fecha_registro`, `estatus`, `id_usuario`, `observacion`) VALUES (21, 2, '2021-01-30 11:43:56', 3, 1, 'prueba 2 paso 1');
INSERT INTO `solicitud_clientes_items`(`id_solicitud_cliente_item`, `id_solicitud_cliente`, `id_producto`, `cantidad`, `estatus_almacen`, `estatus_produccion`) VALUES (35, 20, 20, 10, 2, 0);
INSERT INTO `solicitud_clientes_items`(`id_solicitud_cliente_item`, `id_solicitud_cliente`, `id_producto`, `cantidad`, `estatus_almacen`, `estatus_produccion`) VALUES (36, 20, 19, 12, 2, 2);
INSERT INTO `solicitud_clientes_items`(`id_solicitud_cliente_item`, `id_solicitud_cliente`, `id_producto`, `cantidad`, `estatus_almacen`, `estatus_produccion`) VALUES (37, 20, 18, 5, 2, 2);
INSERT INTO `solicitud_clientes_items`(`id_solicitud_cliente_item`, `id_solicitud_cliente`, `id_producto`, `cantidad`, `estatus_almacen`, `estatus_produccion`) VALUES (38, 21, 20, 10, 2, 0);
INSERT INTO `solicitud_clientes_items`(`id_solicitud_cliente_item`, `id_solicitud_cliente`, `id_producto`, `cantidad`, `estatus_almacen`, `estatus_produccion`) VALUES (39, 21, 19, 2, 2, 2);
INSERT INTO `solicitud_clientes_items`(`id_solicitud_cliente_item`, `id_solicitud_cliente`, `id_producto`, `cantidad`, `estatus_almacen`, `estatus_produccion`) VALUES (40, 21, 18, 2, 2, 2);
INSERT INTO `solicitud_compras`(`id_solicitud_compra`, `id_materia_prima`, `id_solicitud_almacen_materia_prima`, `fecha_registro`, `cantidad`, `unidad`, `estatus`, `solicitado_por`, `entregado_por`) VALUES (13, 3, 12, '2021-01-29 06:57:57', 12, 'kg', 2, 1, 1);
INSERT INTO `solicitud_produccion`(`id_solicitud_produccion`, `id_solicitud_almacen_producto`, `id_producto`, `cantidad`, `estatus`, `fecha_registro`, `solicitado_por`, `entregado_por`) VALUES (18, 18, 19, 12, 1, '2021-01-29 06:50:44', 1, 1);
INSERT INTO `solicitud_produccion`(`id_solicitud_produccion`, `id_solicitud_almacen_producto`, `id_producto`, `cantidad`, `estatus`, `fecha_registro`, `solicitado_por`, `entregado_por`) VALUES (19, 18, 18, 10, 1, '2021-01-30 11:31:40', 1, 1);
INSERT INTO `solicitud_produccion`(`id_solicitud_produccion`, `id_solicitud_almacen_producto`, `id_producto`, `cantidad`, `estatus`, `fecha_registro`, `solicitado_por`, `entregado_por`) VALUES (20, 19, 19, 2, 1, '2021-01-30 11:46:40', 1, 1);
INSERT INTO `solicitud_produccion`(`id_solicitud_produccion`, `id_solicitud_almacen_producto`, `id_producto`, `cantidad`, `estatus`, `fecha_registro`, `solicitado_por`, `entregado_por`) VALUES (21, 19, 18, 2, 1, '2021-01-30 11:47:33', 1, 1);
INSERT INTO `usuario`(`cod_usuario`, `nom_usuario`, `pass_usuario`, `ssid`, `rol`) VALUES (1, 'admin', '8d3d825912f60e5b84fd42cc771ccb68dbeb27cf', 'c279da2fdbadadb4fd839d55010eba945623a391', 1);
